rank,image,confidence,tp,fp,acc_tp,acc_fp,precision,recall
1,2373,0.999260,1,0,1,0,1.000000,0.001000
2,2144,0.998765,1,0,2,0,1.000000,0.002000
3,2523,0.998705,1,0,3,0,1.000000,0.003000
4,2029,0.998435,1,0,4,0,1.000000,0.004000
5,2055,0.998426,1,0,5,0,1.000000,0.005000
6,2010,0.998241,1,0,6,0,1.000000,0.006000
7,1130,0.998213,0,1,6,1,0.857143,0.006000
8,2355,0.997943,1,0,7,1,0.875000,0.007000
9,1926,0.997901,1,0,8,1,0.888889,0.008000
10,2407,0.997740,1,0,9,1,0.900000,0.009000
11,2072,0.997615,1,0,10,1,0.909091,0.010000
12,1979,0.997491,1,0,11,1,0.916667,0.011000
13,2059,0.997474,1,0,12,1,0.923077,0.012000
14,2011,0.997428,1,0,13,1,0.928571,0.013000
15,1961,0.997403,1,0,14,1,0.933333,0.014000
16,1925,0.997199,1,0,15,1,0.937500,0.015000
17,2578,0.997182,1,0,16,1,0.941176,0.016000
18,2616,0.997175,1,0,17,1,0.944444,0.017000
19,1983,0.997129,1,0,18,1,0.947368,0.018000
20,2549,0.997121,0,1,18,2,0.900000,0.018000
21,2479,0.997097,1,0,19,2,0.904762,0.019000
22,2463,0.996816,1,0,20,2,0.909091,0.020000
23,1966,0.996782,1,0,21,2,0.913043,0.021000
24,2543,0.996779,1,0,22,2,0.916667,0.022000
25,1930,0.996685,1,0,23,2,0.920000,0.023000
26,1973,0.996672,1,0,24,2,0.923077,0.024000
27,1991,0.996653,1,0,25,2,0.925926,0.025000
28,1970,0.996532,1,0,26,2,0.928571,0.026000
29,2452,0.996515,1,0,27,2,0.931034,0.027000
30,2537,0.996514,1,0,28,2,0.933333,0.028000
31,2276,0.996450,1,0,29,2,0.935484,0.029000
32,2698,0.996128,1,0,30,2,0.937500,0.030000
33,1989,0.996052,1,0,31,2,0.939394,0.031000
34,1893,0.996009,1,0,32,2,0.941176,0.032000
35,2493,0.995986,1,0,33,2,0.942857,0.033000
36,1998,0.995962,1,0,34,2,0.944444,0.034000
37,2618,0.995909,1,0,35,2,0.945946,0.035000
38,2191,0.995890,1,0,36,2,0.947368,0.036000
39,2634,0.995863,1,0,37,2,0.948718,0.037000
40,1985,0.995776,1,0,38,2,0.950000,0.038000
41,2690,0.995709,1,0,39,2,0.951220,0.039000
42,2662,0.995653,1,0,40,2,0.952381,0.040000
43,2019,0.995620,1,0,41,2,0.953488,0.041000
44,1155,0.995596,0,1,41,3,0.931818,0.041000
45,2552,0.995539,1,0,42,3,0.933333,0.042000
46,1878,0.995538,1,0,43,3,0.934783,0.043000
47,2531,0.995320,1,0,44,3,0.936170,0.044000
48,2580,0.995237,0,1,44,4,0.916667,0.044000
49,2174,0.995209,1,0,45,4,0.918367,0.045000
50,2020,0.995086,1,0,46,4,0.920000,0.046000
51,2659,0.995054,1,0,47,4,0.921569,0.047000
52,2119,0.994929,1,0,48,4,0.923077,0.048000
53,2101,0.994860,1,0,49,4,0.924528,0.049000
54,1955,0.994848,1,0,50,4,0.925926,0.050000
55,2027,0.994833,1,0,51,4,0.927273,0.051000
56,1967,0.994793,1,0,52,4,0.928571,0.052000
57,1962,0.994643,1,0,53,4,0.929825,0.053000
58,2216,0.994548,0,1,53,5,0.913793,0.053000
59,2655,0.994492,1,0,54,5,0.915254,0.054000
60,2313,0.994395,1,0,55,5,0.916667,0.055000
61,1909,0.994333,1,0,56,5,0.918033,0.056000
62,2143,0.994299,1,0,57,5,0.919355,0.057000
63,1966,0.994257,0,1,57,6,0.904762,0.057000
64,2003,0.994213,1,0,58,6,0.906250,0.058000
65,2212,0.994171,1,0,59,6,0.907692,0.059000
66,2473,0.994131,1,0,60,6,0.909091,0.060000
67,2666,0.994100,1,0,61,6,0.910448,0.061000
68,2524,0.994092,1,0,62,6,0.911765,0.062000
69,2702,0.994055,1,0,63,6,0.913043,0.063000
70,2414,0.994028,1,0,64,6,0.914286,0.064000
71,2520,0.993952,0,1,64,7,0.901408,0.064000
72,2224,0.993951,1,0,65,7,0.902778,0.065000
73,2639,0.993857,1,0,66,7,0.904110,0.066000
74,2660,0.993854,1,0,67,7,0.905405,0.067000
75,1977,0.993781,1,0,68,7,0.906667,0.068000
76,2545,0.993688,1,0,69,7,0.907895,0.069000
77,2243,0.993685,1,0,70,7,0.909091,0.070000
78,2067,0.993523,1,0,71,7,0.910256,0.071000
79,2200,0.993425,1,0,72,7,0.911392,0.072000
80,2326,0.993418,1,0,73,7,0.912500,0.073000
81,2111,0.993415,1,0,74,7,0.913580,0.074000
82,2584,0.993412,1,0,75,7,0.914634,0.075000
83,2309,0.993400,1,0,76,7,0.915663,0.076000
84,1879,0.993330,1,0,77,7,0.916667,0.077000
85,2547,0.993316,1,0,78,7,0.917647,0.078000
86,2123,0.993268,1,0,79,7,0.918605,0.079000
87,2241,0.993199,1,0,80,7,0.919540,0.080000
88,2380,0.993120,1,0,81,7,0.920455,0.081000
89,2612,0.993021,1,0,82,7,0.921348,0.082000
90,2137,0.992994,1,0,83,7,0.922222,0.083000
91,2225,0.992905,1,0,84,7,0.923077,0.084000
92,2642,0.992816,1,0,85,7,0.923913,0.085000
93,2700,0.992795,1,0,86,7,0.924731,0.086000
94,2609,0.992782,1,0,87,7,0.925532,0.087000
95,2022,0.992763,1,0,88,7,0.926316,0.088000
96,2401,0.992755,1,0,89,7,0.927083,0.089000
97,2459,0.992748,1,0,90,7,0.927835,0.090000
98,2208,0.992591,1,0,91,7,0.928571,0.091000
99,2538,0.992563,1,0,92,7,0.929293,0.092000
100,2312,0.992558,1,0,93,7,0.930000,0.093000
101,2549,0.992508,1,0,94,7,0.930693,0.094000
102,1892,0.992449,1,0,95,7,0.931373,0.095000
103,2712,0.992412,0,1,95,8,0.922330,0.095000
104,2438,0.992406,1,0,96,8,0.923077,0.096000
105,1917,0.992369,1,0,97,8,0.923810,0.097000
106,2006,0.992359,1,0,98,8,0.924528,0.098000
107,2437,0.992249,0,1,98,9,0.915888,0.098000
108,2541,0.992249,1,0,99,9,0.916667,0.099000
109,2215,0.992246,1,0,100,9,0.917431,0.100000
110,1904,0.992221,1,0,101,9,0.918182,0.101000
111,2511,0.992166,1,0,102,9,0.918919,0.102000
112,1943,0.992132,1,0,103,9,0.919643,0.103000
113,2671,0.992077,0,1,103,10,0.911504,0.103000
114,1911,0.992044,1,0,104,10,0.912281,0.104000
115,2318,0.992037,1,0,105,10,0.913043,0.105000
116,2156,0.991983,1,0,106,10,0.913793,0.106000
117,2004,0.991965,1,0,107,10,0.914530,0.107000
118,2328,0.991931,1,0,108,10,0.915254,0.108000
119,2039,0.991821,1,0,109,10,0.915966,0.109000
120,2525,0.991742,1,0,110,10,0.916667,0.110000
121,1974,0.991725,1,0,111,10,0.917355,0.111000
122,2128,0.991702,1,0,112,10,0.918033,0.112000
123,2280,0.991627,1,0,113,10,0.918699,0.113000
124,2054,0.991565,1,0,114,10,0.919355,0.114000
125,2354,0.991556,1,0,115,10,0.920000,0.115000
126,2399,0.991507,1,0,116,10,0.920635,0.116000
127,2141,0.991420,1,0,117,10,0.921260,0.117000
128,2586,0.991395,1,0,118,10,0.921875,0.118000
129,1963,0.991368,1,0,119,10,0.922481,0.119000
130,2498,0.991357,0,1,119,11,0.915385,0.119000
131,2116,0.991261,1,0,120,11,0.916031,0.120000
132,2209,0.991244,1,0,121,11,0.916667,0.121000
133,2565,0.991225,1,0,122,11,0.917293,0.122000
134,2468,0.991053,1,0,123,11,0.917910,0.123000
135,2641,0.991034,1,0,124,11,0.918519,0.124000
136,1972,0.990979,1,0,125,11,0.919118,0.125000
137,2588,0.990623,1,0,126,11,0.919708,0.126000
138,2472,0.990572,1,0,127,11,0.920290,0.127000
139,2009,0.990524,1,0,128,11,0.920863,0.128000
140,2421,0.990499,1,0,129,11,0.921429,0.129000
141,1989,0.990433,1,0,130,11,0.921986,0.130000
142,2381,0.990379,1,0,131,11,0.922535,0.131000
143,2233,0.990375,1,0,132,11,0.923077,0.132000
144,2420,0.990351,1,0,133,11,0.923611,0.133000
145,2138,0.990289,1,0,134,11,0.924138,0.134000
146,2472,0.990273,1,0,135,11,0.924658,0.135000
147,1878,0.990103,1,0,136,11,0.925170,0.136000
148,1880,0.990007,0,1,136,12,0.918919,0.136000
149,2414,0.989926,1,0,137,12,0.919463,0.137000
150,2335,0.989820,1,0,138,12,0.920000,0.138000
151,2094,0.989688,1,0,139,12,0.920530,0.139000
152,2613,0.989668,1,0,140,12,0.921053,0.140000
153,2240,0.989622,1,0,141,12,0.921569,0.141000
154,2267,0.989558,1,0,142,12,0.922078,0.142000
155,2244,0.989149,1,0,143,12,0.922581,0.143000
156,2152,0.989136,1,0,144,12,0.923077,0.144000
157,2093,0.989121,1,0,145,12,0.923567,0.145000
158,2134,0.988973,1,0,146,12,0.924051,0.146000
159,2504,0.988827,1,0,147,12,0.924528,0.147000
160,2699,0.988721,1,0,148,12,0.925000,0.148000
161,2089,0.988715,1,0,149,12,0.925466,0.149000
162,1948,0.988544,1,0,150,12,0.925926,0.150000
163,1893,0.988537,0,1,150,13,0.920245,0.150000
164,1986,0.988442,1,0,151,13,0.920732,0.151000
165,2130,0.988283,1,0,152,13,0.921212,0.152000
166,2035,0.988280,0,1,152,14,0.915663,0.152000
167,2198,0.988158,1,0,153,14,0.916168,0.153000
168,2411,0.988137,1,0,154,14,0.916667,0.154000
169,1000,0.988127,0,1,154,15,0.911243,0.154000
170,1918,0.988114,1,0,155,15,0.911765,0.155000
171,2522,0.988096,1,0,156,15,0.912281,0.156000
172,2594,0.988047,1,0,157,15,0.912791,0.157000
173,2662,0.987943,1,0,158,15,0.913295,0.158000
174,2024,0.987938,1,0,159,15,0.913793,0.159000
175,2408,0.987891,1,0,160,15,0.914286,0.160000
176,2171,0.987882,1,0,161,15,0.914773,0.161000
177,2540,0.987817,1,0,162,15,0.915254,0.162000
178,1897,0.987795,1,0,163,15,0.915730,0.163000
179,2542,0.987677,1,0,164,15,0.916201,0.164000
180,2101,0.987639,1,0,165,15,0.916667,0.165000
181,2266,0.987582,1,0,166,15,0.917127,0.166000
182,1949,0.987324,1,0,167,15,0.917582,0.167000
183,2691,0.987310,1,0,168,15,0.918033,0.168000
184,2558,0.987242,1,0,169,15,0.918478,0.169000
185,2638,0.987131,1,0,170,15,0.918919,0.170000
186,2673,0.987034,1,0,171,15,0.919355,0.171000
187,1959,0.987018,1,0,172,15,0.919786,0.172000
188,2262,0.987012,1,0,173,15,0.920213,0.173000
189,2647,0.986965,1,0,174,15,0.920635,0.174000
190,1899,0.986726,1,0,175,15,0.921053,0.175000
191,2585,0.986483,1,0,176,15,0.921466,0.176000
192,2663,0.986447,1,0,177,15,0.921875,0.177000
193,2582,0.986436,1,0,178,15,0.922280,0.178000
194,2150,0.986406,1,0,179,15,0.922680,0.179000
195,2389,0.986385,1,0,180,15,0.923077,0.180000
196,2681,0.986346,1,0,181,15,0.923469,0.181000
197,2598,0.986332,1,0,182,15,0.923858,0.182000
198,2561,0.986295,1,0,183,15,0.924242,0.183000
199,1913,0.986196,1,0,184,15,0.924623,0.184000
200,2481,0.986183,1,0,185,15,0.925000,0.185000
201,1847,0.986171,0,1,185,16,0.920398,0.185000
202,1891,0.986163,1,0,186,16,0.920792,0.186000
203,2298,0.986139,1,0,187,16,0.921182,0.187000
204,1936,0.986039,1,0,188,16,0.921569,0.188000
205,2086,0.985882,1,0,189,16,0.921951,0.189000
206,2051,0.985876,1,0,190,16,0.922330,0.190000
207,2250,0.985852,1,0,191,16,0.922705,0.191000
208,2563,0.985846,1,0,192,16,0.923077,0.192000
209,2635,0.985737,1,0,193,16,0.923445,0.193000
210,2383,0.985704,1,0,194,16,0.923810,0.194000
211,2073,0.985704,1,0,195,16,0.924171,0.195000
212,2650,0.985678,1,0,196,16,0.924528,0.196000
213,2184,0.985666,1,0,197,16,0.924883,0.197000
214,2580,0.984884,0,1,197,17,0.920561,0.197000
215,2132,0.984851,1,0,198,17,0.920930,0.198000
216,2676,0.984798,1,0,199,17,0.921296,0.199000
217,824,0.984755,0,1,199,18,0.917051,0.199000
218,2488,0.984738,1,0,200,18,0.917431,0.200000
219,2024,0.984651,1,0,201,18,0.917808,0.201000
220,2158,0.984650,1,0,202,18,0.918182,0.202000
221,2056,0.984629,0,1,202,19,0.914027,0.202000
222,2317,0.984331,1,0,203,19,0.914414,0.203000
223,2173,0.984313,1,0,204,19,0.914798,0.204000
224,2140,0.984281,1,0,205,19,0.915179,0.205000
225,1947,0.984263,1,0,206,19,0.915556,0.206000
226,1969,0.984258,0,1,206,20,0.911504,0.206000
227,2707,0.984242,1,0,207,20,0.911894,0.207000
228,2607,0.984230,1,0,208,20,0.912281,0.208000
229,2160,0.984215,1,0,209,20,0.912664,0.209000
230,2661,0.984214,1,0,210,20,0.913043,0.210000
231,2101,0.984181,1,0,211,20,0.913420,0.211000
232,2331,0.984166,1,0,212,20,0.913793,0.212000
233,2124,0.984105,1,0,213,20,0.914163,0.213000
234,2118,0.984086,1,0,214,20,0.914530,0.214000
235,2395,0.984017,1,0,215,20,0.914894,0.215000
236,2025,0.983932,1,0,216,20,0.915254,0.216000
237,2176,0.983886,1,0,217,20,0.915612,0.217000
238,2087,0.983879,1,0,218,20,0.915966,0.218000
239,1984,0.983865,0,1,218,21,0.912134,0.218000
240,2601,0.983802,1,0,219,21,0.912500,0.219000
241,2390,0.983704,1,0,220,21,0.912863,0.220000
242,2627,0.983678,1,0,221,21,0.913223,0.221000
243,2636,0.983600,1,0,222,21,0.913580,0.222000
244,2213,0.983590,1,0,223,21,0.913934,0.223000
245,2272,0.983566,1,0,224,21,0.914286,0.224000
246,2499,0.983411,1,0,225,21,0.914634,0.225000
247,1984,0.983262,1,0,226,21,0.914980,0.226000
248,2033,0.983257,1,0,227,21,0.915323,0.227000
249,1975,0.983244,1,0,228,21,0.915663,0.228000
250,2596,0.983240,1,0,229,21,0.916000,0.229000
251,2145,0.983144,1,0,230,21,0.916335,0.230000
252,2619,0.983063,1,0,231,21,0.916667,0.231000
253,1488,0.982980,0,1,231,22,0.913043,0.231000
254,2153,0.982894,1,0,232,22,0.913386,0.232000
255,2047,0.982758,1,0,233,22,0.913725,0.233000
256,2644,0.982742,1,0,234,22,0.914062,0.234000
257,2154,0.982713,1,0,235,22,0.914397,0.235000
258,2521,0.982159,1,0,236,22,0.914729,0.236000
259,2162,0.982075,1,0,237,22,0.915058,0.237000
260,2562,0.981998,0,1,237,23,0.911538,0.237000
261,2230,0.981852,1,0,238,23,0.911877,0.238000
262,2109,0.981789,1,0,239,23,0.912214,0.239000
263,2097,0.981667,1,0,240,23,0.912548,0.240000
264,2405,0.981526,1,0,241,23,0.912879,0.241000
265,2342,0.981453,1,0,242,23,0.913208,0.242000
266,1898,0.981318,1,0,243,23,0.913534,0.243000
267,2080,0.981144,1,0,244,23,0.913858,0.244000
268,2625,0.981005,1,0,245,23,0.914179,0.245000
269,2543,0.980953,1,0,246,23,0.914498,0.246000
270,2608,0.980892,1,0,247,23,0.914815,0.247000
271,1118,0.980839,0,1,247,24,0.911439,0.247000
272,1907,0.980817,1,0,248,24,0.911765,0.248000
273,2049,0.980662,1,0,249,24,0.912088,0.249000
274,2114,0.980620,1,0,250,24,0.912409,0.250000
275,1895,0.980564,0,1,250,25,0.909091,0.250000
276,2551,0.980530,1,0,251,25,0.909420,0.251000
277,2057,0.980447,1,0,252,25,0.909747,0.252000
278,2684,0.980394,1,0,253,25,0.910072,0.253000
279,2617,0.980300,1,0,254,25,0.910394,0.254000
280,2256,0.980144,1,0,255,25,0.910714,0.255000
281,1896,0.979936,1,0,256,25,0.911032,0.256000
282,2524,0.979815,1,0,257,25,0.911348,0.257000
283,2052,0.979734,1,0,258,25,0.911661,0.258000
284,2555,0.979518,1,0,259,25,0.911972,0.259000
285,2466,0.979497,1,0,260,25,0.912281,0.260000
286,2590,0.979474,1,0,261,25,0.912587,0.261000
287,1355,0.979399,0,1,261,26,0.909408,0.261000
288,2501,0.979373,1,0,262,26,0.909722,0.262000
289,2170,0.979276,1,0,263,26,0.910035,0.263000
290,2181,0.979252,1,0,264,26,0.910345,0.264000
291,2217,0.979215,1,0,265,26,0.910653,0.265000
292,2444,0.979174,1,0,266,26,0.910959,0.266000
293,2258,0.979120,1,0,267,26,0.911263,0.267000
294,2082,0.978963,1,0,268,26,0.911565,0.268000
295,2432,0.978954,1,0,269,26,0.911864,0.269000
296,2677,0.978951,1,0,270,26,0.912162,0.270000
297,2159,0.978550,1,0,271,26,0.912458,0.271000
298,2597,0.978520,1,0,272,26,0.912752,0.272000
299,877,0.978431,0,1,272,27,0.909699,0.272000
300,2398,0.978275,1,0,273,27,0.910000,0.273000
301,2456,0.978247,1,0,274,27,0.910299,0.274000
302,2617,0.978137,1,0,275,27,0.910596,0.275000
303,2697,0.978130,1,0,276,27,0.910891,0.276000
304,1920,0.977967,1,0,277,27,0.911184,0.277000
305,2329,0.977868,1,0,278,27,0.911475,0.278000
306,2323,0.977861,1,0,279,27,0.911765,0.279000
307,1931,0.977595,1,0,280,27,0.912052,0.280000
308,2533,0.977584,1,0,281,27,0.912338,0.281000
309,2136,0.977296,1,0,282,27,0.912621,0.282000
310,1934,0.977258,1,0,283,27,0.912903,0.283000
311,2219,0.977095,1,0,284,27,0.913183,0.284000
312,1935,0.977094,1,0,285,27,0.913462,0.285000
313,2429,0.976998,1,0,286,27,0.913738,0.286000
314,2097,0.976972,1,0,287,27,0.914013,0.287000
315,2580,0.976796,1,0,288,27,0.914286,0.288000
316,2636,0.976627,1,0,289,27,0.914557,0.289000
317,2091,0.976235,0,1,289,28,0.911672,0.289000
318,2429,0.976180,1,0,290,28,0.911950,0.290000
319,1939,0.976087,1,0,291,28,0.912226,0.291000
320,1986,0.976065,1,0,292,28,0.912500,0.292000
321,2180,0.975980,1,0,293,28,0.912773,0.293000
322,2622,0.975953,1,0,294,28,0.913043,0.294000
323,2685,0.975920,1,0,295,28,0.913313,0.295000
324,2590,0.975918,1,0,296,28,0.913580,0.296000
325,2675,0.975905,1,0,297,28,0.913846,0.297000
326,2071,0.975625,0,1,297,29,0.911043,0.297000
327,2096,0.975219,1,0,298,29,0.911315,0.298000
328,1192,0.975191,0,1,298,30,0.908537,0.298000
329,1992,0.975191,1,0,299,30,0.908815,0.299000
330,2554,0.975074,1,0,300,30,0.909091,0.300000
331,2030,0.975021,1,0,301,30,0.909366,0.301000
332,2279,0.974943,1,0,302,30,0.909639,0.302000
333,2680,0.974754,1,0,303,30,0.909910,0.303000
334,2640,0.974603,1,0,304,30,0.910180,0.304000
335,2042,0.974588,1,0,305,30,0.910448,0.305000
336,2505,0.974569,1,0,306,30,0.910714,0.306000
337,2289,0.974057,1,0,307,30,0.910979,0.307000
338,2352,0.974053,1,0,308,30,0.911243,0.308000
339,1938,0.973862,1,0,309,30,0.911504,0.309000
340,1884,0.973510,1,0,310,30,0.911765,0.310000
341,1758,0.973366,0,1,310,31,0.909091,0.310000
342,2602,0.973149,0,1,310,32,0.906433,0.310000
343,2454,0.973114,1,0,311,32,0.906706,0.311000
344,219,0.973092,0,1,311,33,0.904070,0.311000
345,2295,0.972930,1,0,312,33,0.904348,0.312000
346,2232,0.972920,1,0,313,33,0.904624,0.313000
347,1941,0.972860,1,0,314,33,0.904899,0.314000
348,2572,0.972855,0,1,314,34,0.902299,0.314000
349,2643,0.972667,1,0,315,34,0.902579,0.315000
350,2058,0.972560,1,0,316,34,0.902857,0.316000
351,2582,0.972372,1,0,317,34,0.903134,0.317000
352,2231,0.972324,1,0,318,34,0.903409,0.318000
353,2117,0.972237,1,0,319,34,0.903683,0.319000
354,2516,0.972181,1,0,320,34,0.903955,0.320000
355,2629,0.971863,1,0,321,34,0.904225,0.321000
356,2026,0.971753,1,0,322,34,0.904494,0.322000
357,2575,0.971517,1,0,323,34,0.904762,0.323000
358,2193,0.971448,1,0,324,34,0.905028,0.324000
359,2179,0.971195,1,0,325,34,0.905292,0.325000
360,2410,0.971125,1,0,326,34,0.905556,0.326000
361,2050,0.971066,1,0,327,34,0.905817,0.327000
362,2658,0.970880,1,0,328,34,0.906077,0.328000
363,2484,0.970216,1,0,329,34,0.906336,0.329000
364,2417,0.970135,1,0,330,34,0.906593,0.330000
365,1928,0.969746,1,0,331,34,0.906849,0.331000
366,2122,0.969583,1,0,332,34,0.907104,0.332000
367,2546,0.969567,1,0,333,34,0.907357,0.333000
368,2268,0.969478,1,0,334,34,0.907609,0.334000
369,1986,0.969413,1,0,335,34,0.907859,0.335000
370,2092,0.969409,1,0,336,34,0.908108,0.336000
371,1935,0.969244,1,0,337,34,0.908356,0.337000
372,2668,0.969221,1,0,338,34,0.908602,0.338000
373,1894,0.969213,0,1,338,35,0.906166,0.338000
374,2610,0.969194,1,0,339,35,0.906417,0.339000
375,970,0.969104,0,1,339,36,0.904000,0.339000
376,2125,0.969074,1,0,340,36,0.904255,0.340000
377,2387,0.969057,1,0,341,36,0.904509,0.341000
378,2536,0.968992,1,0,342,36,0.904762,0.342000
379,2112,0.968979,1,0,343,36,0.905013,0.343000
380,2040,0.968964,1,0,344,36,0.905263,0.344000
381,2441,0.968958,1,0,345,36,0.905512,0.345000
382,2015,0.968901,1,0,346,36,0.905759,0.346000
383,2418,0.968840,1,0,347,36,0.906005,0.347000
384,2034,0.968840,1,0,348,36,0.906250,0.348000
385,2148,0.968435,1,0,349,36,0.906494,0.349000
386,2710,0.968420,1,0,350,36,0.906736,0.350000
387,1846,0.968155,0,1,350,37,0.904393,0.350000
388,2498,0.968148,1,0,351,37,0.904639,0.351000
389,2292,0.968077,1,0,352,37,0.904884,0.352000
390,1861,0.967961,0,1,352,38,0.902564,0.352000
391,643,0.967850,0,1,352,39,0.900256,0.352000
392,2009,0.967645,0,1,352,40,0.897959,0.352000
393,1989,0.967252,1,0,353,40,0.898219,0.353000
394,2148,0.967178,1,0,354,40,0.898477,0.354000
395,2281,0.966991,1,0,355,40,0.898734,0.355000
396,2440,0.966978,1,0,356,40,0.898990,0.356000
397,2582,0.966837,1,0,357,40,0.899244,0.357000
398,2632,0.966652,1,0,358,40,0.899497,0.358000
399,2063,0.966222,1,0,359,40,0.899749,0.359000
400,2559,0.966218,1,0,360,40,0.900000,0.360000
401,1106,0.965906,0,1,360,41,0.897756,0.360000
402,2257,0.965728,0,1,360,42,0.895522,0.360000
403,2701,0.965701,1,0,361,42,0.895782,0.361000
404,2648,0.965688,1,0,362,42,0.896040,0.362000
405,1003,0.965615,0,1,362,43,0.893827,0.362000
406,2131,0.965614,1,0,363,43,0.894089,0.363000
407,1905,0.965569,1,0,364,43,0.894349,0.364000
408,2458,0.965376,1,0,365,43,0.894608,0.365000
409,2000,0.965307,1,0,366,43,0.894866,0.366000
410,2670,0.965215,1,0,367,43,0.895122,0.367000
411,2539,0.965114,1,0,368,43,0.895377,0.368000
412,1960,0.965099,1,0,369,43,0.895631,0.369000
413,2667,0.965046,1,0,370,43,0.895884,0.370000
414,2526,0.964983,1,0,371,43,0.896135,0.371000
415,2669,0.964879,1,0,372,43,0.896386,0.372000
416,2259,0.964780,1,0,373,43,0.896635,0.373000
417,2257,0.964778,1,0,374,43,0.896882,0.374000
418,2370,0.964611,1,0,375,43,0.897129,0.375000
419,2310,0.964605,0,1,375,44,0.894988,0.375000
420,2420,0.964563,0,1,375,45,0.892857,0.375000
421,1944,0.964525,1,0,376,45,0.893112,0.376000
422,2706,0.964323,1,0,377,45,0.893365,0.377000
423,2496,0.964064,1,0,378,45,0.893617,0.378000
424,2587,0.963929,1,0,379,45,0.893868,0.379000
425,2186,0.963835,1,0,380,45,0.894118,0.380000
426,2294,0.963822,1,0,381,45,0.894366,0.381000
427,1650,0.963677,0,1,381,46,0.892272,0.381000
428,2045,0.963635,1,0,382,46,0.892523,0.382000
429,1117,0.963533,0,1,382,47,0.890443,0.382000
430,2113,0.963514,1,0,383,47,0.890698,0.383000
431,1964,0.963179,1,0,384,47,0.890951,0.384000
432,685,0.963153,0,1,384,48,0.888889,0.384000
433,2657,0.962601,1,0,385,48,0.889145,0.385000
434,1937,0.962193,1,0,386,48,0.889401,0.386000
435,1887,0.962061,1,0,387,48,0.889655,0.387000
436,2066,0.961842,1,0,388,48,0.889908,0.388000
437,2628,0.961788,0,1,388,49,0.887872,0.388000
438,1956,0.961783,1,0,389,49,0.888128,0.389000
439,2695,0.961518,1,0,390,49,0.888383,0.390000
440,1901,0.961340,1,0,391,49,0.888636,0.391000
441,2008,0.961001,1,0,392,49,0.888889,0.392000
442,2192,0.961001,1,0,393,49,0.889140,0.393000
443,2102,0.960716,1,0,394,49,0.889391,0.394000
444,1373,0.960481,0,1,394,50,0.887387,0.394000
445,2332,0.960406,1,0,395,50,0.887640,0.395000
446,2503,0.960327,1,0,396,50,0.887892,0.396000
447,216,0.959884,0,1,396,51,0.885906,0.396000
448,2104,0.959672,1,0,397,51,0.886161,0.397000
449,2478,0.959578,0,1,397,52,0.884187,0.397000
450,1105,0.959404,0,1,397,53,0.882222,0.397000
451,1974,0.959131,0,1,397,54,0.880266,0.397000
452,2491,0.958743,1,0,398,54,0.880531,0.398000
453,2439,0.958342,1,0,399,54,0.880795,0.399000
454,2665,0.957246,0,1,399,55,0.878855,0.399000
455,2674,0.957048,1,0,400,55,0.879121,0.400000
456,2068,0.956816,1,0,401,55,0.879386,0.401000
457,2412,0.956643,1,0,402,55,0.879650,0.402000
458,1954,0.956633,1,0,403,55,0.879913,0.403000
459,2645,0.956534,1,0,404,55,0.880174,0.404000
460,2155,0.956491,1,0,405,55,0.880435,0.405000
461,1348,0.956455,0,1,405,56,0.878525,0.405000
462,2535,0.956342,0,1,405,57,0.876623,0.405000
463,2613,0.955894,1,0,406,57,0.876890,0.406000
464,2649,0.955038,1,0,407,57,0.877155,0.407000
465,2712,0.955037,1,0,408,57,0.877419,0.408000
466,2678,0.953894,1,0,409,57,0.877682,0.409000
467,1982,0.953228,1,0,410,57,0.877944,0.410000
468,2098,0.953097,1,0,411,57,0.878205,0.411000
469,1915,0.952777,1,0,412,57,0.878465,0.412000
470,1227,0.952353,0,1,412,58,0.876596,0.412000
471,2296,0.952325,1,0,413,58,0.876858,0.413000
472,1994,0.952159,1,0,414,58,0.877119,0.414000
473,1910,0.951998,1,0,415,58,0.877378,0.415000
474,2594,0.951962,0,1,415,59,0.875527,0.415000
475,2422,0.951615,1,0,416,59,0.875789,0.416000
476,288,0.951449,0,1,416,60,0.873950,0.416000
477,1996,0.951243,1,0,417,60,0.874214,0.417000
478,2105,0.950485,1,0,418,60,0.874477,0.418000
479,2102,0.950414,1,0,419,60,0.874739,0.419000
480,2362,0.950292,1,0,420,60,0.875000,0.420000
481,2210,0.950150,1,0,421,60,0.875260,0.421000
482,2171,0.949443,0,1,421,61,0.873444,0.421000
483,2023,0.949310,1,0,422,61,0.873706,0.422000
484,2251,0.948998,1,0,423,61,0.873967,0.423000
485,2069,0.948958,1,0,424,61,0.874227,0.424000
486,2615,0.948540,0,1,424,62,0.872428,0.424000
487,2177,0.948492,1,0,425,62,0.872690,0.425000
488,2273,0.948401,1,0,426,62,0.872951,0.426000
489,2595,0.948193,1,0,427,62,0.873211,0.427000
490,2614,0.947910,1,0,428,62,0.873469,0.428000
491,2322,0.947731,1,0,429,62,0.873727,0.429000
492,2377,0.947371,1,0,430,62,0.873984,0.430000
493,1941,0.947116,0,1,430,63,0.872211,0.430000
494,2689,0.946982,1,0,431,63,0.872470,0.431000
495,2201,0.946855,1,0,432,63,0.872727,0.432000
496,2337,0.946687,1,0,433,63,0.872984,0.433000
497,2532,0.946547,1,0,434,63,0.873239,0.434000
498,2076,0.946304,1,0,435,63,0.873494,0.435000
499,2107,0.946022,1,0,436,63,0.873747,0.436000
500,2455,0.945771,1,0,437,63,0.874000,0.437000
501,2095,0.945349,1,0,438,63,0.874251,0.438000
502,1802,0.945041,0,1,438,64,0.872510,0.438000
503,2237,0.944854,1,0,439,64,0.872763,0.439000
504,2509,0.944746,1,0,440,64,0.873016,0.440000
505,2605,0.944701,1,0,441,64,0.873267,0.441000
506,2190,0.944267,1,0,442,64,0.873518,0.442000
507,1965,0.944134,1,0,443,64,0.873767,0.443000
508,2507,0.943579,1,0,444,64,0.874016,0.444000
509,2056,0.942587,0,1,444,65,0.872299,0.444000
510,2620,0.941684,1,0,445,65,0.872549,0.445000
511,1139,0.941229,0,1,445,66,0.870841,0.445000
512,1886,0.940671,1,0,446,66,0.871094,0.446000
513,2065,0.940095,1,0,447,66,0.871345,0.447000
514,2007,0.940019,1,0,448,66,0.871595,0.448000
515,80,0.939526,0,1,448,67,0.869903,0.448000
516,979,0.939145,0,1,448,68,0.868217,0.448000
517,2293,0.938973,1,0,449,68,0.868472,0.449000
518,1987,0.938341,1,0,450,68,0.868726,0.450000
519,1976,0.938270,1,0,451,68,0.868979,0.451000
520,2465,0.938024,1,0,452,68,0.869231,0.452000
521,1151,0.937831,0,1,452,69,0.867562,0.452000
522,1350,0.937390,0,1,452,70,0.865900,0.452000
523,2372,0.937385,1,0,453,70,0.866157,0.453000
524,2682,0.937384,1,0,454,70,0.866412,0.454000
525,2712,0.937226,1,0,455,70,0.866667,0.455000
526,2431,0.937046,1,0,456,70,0.866920,0.456000
527,1656,0.936667,0,1,456,71,0.865275,0.456000
528,2687,0.936616,1,0,457,71,0.865530,0.457000
529,2674,0.936603,0,1,457,72,0.863894,0.457000
530,2591,0.936516,1,0,458,72,0.864151,0.458000
531,2104,0.935505,0,1,458,73,0.862524,0.458000
532,2164,0.935305,1,0,459,73,0.862782,0.459000
533,1178,0.935221,0,1,459,74,0.861163,0.459000
534,1916,0.935054,1,0,460,74,0.861423,0.460000
535,2314,0.934954,1,0,461,74,0.861682,0.461000
536,1908,0.934575,1,0,462,74,0.861940,0.462000
537,2147,0.934136,1,0,463,74,0.862197,0.463000
538,1881,0.933769,1,0,464,74,0.862454,0.464000
539,2512,0.933734,1,0,465,74,0.862709,0.465000
540,1927,0.933704,1,0,466,74,0.862963,0.466000
541,1157,0.932994,0,1,466,75,0.861368,0.466000
542,1900,0.932914,1,0,467,75,0.861624,0.467000
543,1994,0.932892,0,1,467,76,0.860037,0.467000
544,2079,0.932850,1,0,468,76,0.860294,0.468000
545,2344,0.932194,1,0,469,76,0.860550,0.469000
546,2074,0.931772,1,0,470,76,0.860806,0.470000
547,2611,0.930682,0,1,470,77,0.859232,0.470000
548,2470,0.930569,0,1,470,78,0.857664,0.470000
549,2460,0.930501,1,0,471,78,0.857923,0.471000
550,2553,0.930448,1,0,472,78,0.858182,0.472000
551,2379,0.930200,1,0,473,78,0.858439,0.473000
552,1640,0.930013,0,1,473,79,0.856884,0.473000
553,2487,0.929774,1,0,474,79,0.857143,0.474000
554,1903,0.929694,1,0,475,79,0.857401,0.475000
555,2343,0.929604,1,0,476,79,0.857658,0.476000
556,2637,0.929583,1,0,477,79,0.857914,0.477000
557,2625,0.929462,0,1,477,80,0.856373,0.477000
558,1883,0.928721,1,0,478,80,0.856631,0.478000
559,2404,0.928399,1,0,479,80,0.856887,0.479000
560,2515,0.927757,1,0,480,80,0.857143,0.480000
561,2532,0.927737,1,0,481,80,0.857398,0.481000
562,2544,0.927403,1,0,482,80,0.857651,0.482000
563,2386,0.926700,1,0,483,80,0.857904,0.483000
564,2490,0.926065,1,0,484,80,0.858156,0.484000
565,2271,0.926037,1,0,485,80,0.858407,0.485000
566,1885,0.925921,0,1,485,81,0.856890,0.485000
567,2102,0.925863,1,0,486,81,0.857143,0.486000
568,2277,0.925526,1,0,487,81,0.857394,0.487000
569,2617,0.924499,0,1,487,82,0.855888,0.487000
570,940,0.923756,0,1,487,83,0.854386,0.487000
571,2247,0.923463,1,0,488,83,0.854641,0.488000
572,2494,0.923375,0,1,488,84,0.853147,0.488000
573,2320,0.922963,1,0,489,84,0.853403,0.489000
574,1932,0.920215,1,0,490,84,0.853659,0.490000
575,2688,0.919628,1,0,491,84,0.853913,0.491000
576,2133,0.919030,1,0,492,84,0.854167,0.492000
577,2356,0.918993,1,0,493,84,0.854419,0.493000
578,2291,0.918849,1,0,494,84,0.854671,0.494000
579,2635,0.917636,1,0,495,84,0.854922,0.495000
580,2333,0.917279,1,0,496,84,0.855172,0.496000
581,2211,0.916250,1,0,497,84,0.855422,0.497000
582,2001,0.916172,1,0,498,84,0.855670,0.498000
583,2403,0.915855,1,0,499,84,0.855918,0.499000
584,2165,0.915692,0,1,499,85,0.854452,0.499000
585,936,0.915456,0,1,499,86,0.852991,0.499000
586,1885,0.914703,1,0,500,86,0.853242,0.500000
587,2562,0.914529,0,1,500,87,0.851789,0.500000
588,1890,0.913976,1,0,501,87,0.852041,0.501000
589,2419,0.913719,0,1,501,88,0.850594,0.501000
590,2571,0.913566,1,0,502,88,0.850847,0.502000
591,2214,0.913481,1,0,503,88,0.851100,0.503000
592,2228,0.912776,1,0,504,88,0.851351,0.504000
593,2569,0.912136,1,0,505,88,0.851602,0.505000
594,2461,0.911013,1,0,506,88,0.851852,0.506000
595,2492,0.910879,1,0,507,88,0.852101,0.507000
596,2659,0.910854,0,1,507,89,0.850671,0.507000
597,2066,0.909616,1,0,508,89,0.850921,0.508000
598,1981,0.909511,1,0,509,89,0.851171,0.509000
599,2647,0.909182,1,0,510,89,0.851419,0.510000
600,2556,0.908206,1,0,511,89,0.851667,0.511000
601,2368,0.907566,1,0,512,89,0.851913,0.512000
602,2489,0.907369,1,0,513,89,0.852159,0.513000
603,2514,0.907002,1,0,514,89,0.852405,0.514000
604,1969,0.906726,1,0,515,89,0.852649,0.515000
605,954,0.906118,0,1,515,90,0.851240,0.515000
606,2600,0.905434,0,1,515,91,0.849835,0.515000
607,2088,0.905254,1,0,516,91,0.850082,0.516000
608,2393,0.905181,0,1,516,92,0.848684,0.516000
609,1993,0.903886,1,0,517,92,0.848933,0.517000
610,1915,0.903825,0,1,517,93,0.847541,0.517000
611,2392,0.903620,1,0,518,93,0.847791,0.518000
612,2560,0.903223,0,1,518,94,0.846405,0.518000
613,2044,0.902412,1,0,519,94,0.846656,0.519000
614,2161,0.902062,1,0,520,94,0.846906,0.520000
615,2475,0.901817,1,0,521,94,0.847154,0.521000
616,1326,0.901384,0,1,521,95,0.845779,0.521000
617,2612,0.901298,1,0,522,95,0.846029,0.522000
618,2017,0.901262,1,0,523,95,0.846278,0.523000
619,2460,0.901187,0,1,523,96,0.844911,0.523000
620,1150,0.900737,0,1,523,97,0.843548,0.523000
621,2603,0.900466,1,0,524,97,0.843800,0.524000
622,2187,0.899289,0,1,524,98,0.842444,0.524000
623,2705,0.898993,1,0,525,98,0.842697,0.525000
624,1940,0.898532,1,0,526,98,0.842949,0.526000
625,1898,0.898471,1,0,527,98,0.843200,0.527000
626,1437,0.898279,0,1,527,99,0.841853,0.527000
627,2305,0.898091,1,0,528,99,0.842105,0.528000
628,1426,0.897951,0,1,528,100,0.840764,0.528000
629,2510,0.897849,1,0,529,100,0.841017,0.529000
630,2226,0.897547,1,0,530,100,0.841270,0.530000
631,2021,0.897223,0,1,530,101,0.839937,0.530000
632,2340,0.896047,1,0,531,101,0.840190,0.531000
633,1953,0.895601,1,0,532,101,0.840442,0.532000
634,2345,0.893661,1,0,533,101,0.840694,0.533000
635,325,0.893580,0,1,533,102,0.839370,0.533000
636,2497,0.893057,0,1,533,103,0.838050,0.533000
637,2183,0.892653,1,0,534,103,0.838305,0.534000
638,2053,0.892214,0,1,534,104,0.836991,0.534000
639,2457,0.892040,1,0,535,104,0.837246,0.535000
640,2371,0.891096,0,1,535,105,0.835938,0.535000
641,2195,0.890435,1,0,536,105,0.836193,0.536000
642,2410,0.889340,1,0,537,105,0.836449,0.537000
643,2422,0.889324,0,1,537,106,0.835148,0.537000
644,2291,0.888102,1,0,538,106,0.835404,0.538000
645,2146,0.886467,0,1,538,107,0.834109,0.538000
646,2269,0.885509,1,0,539,107,0.834365,0.539000
647,2513,0.883358,1,0,540,107,0.834621,0.540000
648,2212,0.882693,0,1,540,108,0.833333,0.540000
649,2344,0.881482,0,1,540,109,0.832049,0.540000
650,2393,0.880126,0,1,540,110,0.830769,0.540000
651,2587,0.879162,1,0,541,110,0.831029,0.541000
652,2084,0.878991,0,1,541,111,0.829755,0.541000
653,2415,0.878233,1,0,542,111,0.830015,0.542000
654,2031,0.877801,1,0,543,111,0.830275,0.543000
655,2199,0.875106,1,0,544,111,0.830534,0.544000
656,995,0.873630,0,1,544,112,0.829268,0.544000
657,1980,0.873554,1,0,545,112,0.829528,0.545000
658,2451,0.873446,0,1,545,113,0.828267,0.545000
659,2300,0.871956,1,0,546,113,0.828528,0.546000
660,1989,0.871826,1,0,547,113,0.828788,0.547000
661,1971,0.871728,1,0,548,113,0.829047,0.548000
662,2189,0.871319,1,0,549,113,0.829305,0.549000
663,2604,0.871273,0,1,549,114,0.828054,0.549000
664,2656,0.869669,1,0,550,114,0.828313,0.550000
665,1345,0.868997,0,1,550,115,0.827068,0.550000
666,1284,0.868425,0,1,550,116,0.825826,0.550000
667,2166,0.868379,1,0,551,116,0.826087,0.551000
668,2385,0.867878,1,0,552,116,0.826347,0.552000
669,1156,0.867616,0,1,552,117,0.825112,0.552000
670,2577,0.867169,1,0,553,117,0.825373,0.553000
671,2621,0.866197,0,1,553,118,0.824143,0.553000
672,2220,0.865302,1,0,554,118,0.824405,0.554000
673,932,0.864425,0,1,554,119,0.823180,0.554000
674,2081,0.863906,0,1,554,120,0.821958,0.554000
675,2053,0.862798,0,1,554,121,0.820741,0.554000
676,1946,0.861544,1,0,555,121,0.821006,0.555000
677,2480,0.861165,0,1,555,122,0.819793,0.555000
678,2518,0.860621,0,1,555,123,0.818584,0.555000
679,1091,0.860215,0,1,555,124,0.817378,0.555000
680,1990,0.859056,0,1,555,125,0.816176,0.555000
681,29,0.857675,0,1,555,126,0.814978,0.555000
682,2048,0.857309,1,0,556,126,0.815249,0.556000
683,1999,0.856626,0,1,556,127,0.814056,0.556000
684,1116,0.855935,0,1,556,128,0.812865,0.556000
685,2430,0.855442,1,0,557,128,0.813139,0.557000
686,1933,0.855354,0,1,557,129,0.811953,0.557000
687,929,0.855248,0,1,557,130,0.810771,0.557000
688,152,0.855052,0,1,557,131,0.809593,0.557000
689,1492,0.854802,0,1,557,132,0.808418,0.557000
690,1919,0.854109,1,0,558,132,0.808696,0.558000
691,1855,0.853933,0,1,558,133,0.807525,0.558000
692,2252,0.853921,1,0,559,133,0.807803,0.559000
693,2369,0.853455,0,1,559,134,0.806638,0.559000
694,2223,0.852261,1,0,560,134,0.806916,0.560000
695,2090,0.851917,1,0,561,134,0.807194,0.561000
696,936,0.851856,0,1,561,135,0.806034,0.561000
697,2070,0.851764,1,0,562,135,0.806313,0.562000
698,2158,0.850617,1,0,563,135,0.806590,0.563000
699,2506,0.850606,1,0,564,135,0.806867,0.564000
700,2667,0.850574,1,0,565,135,0.807143,0.565000
701,1337,0.850442,0,1,565,136,0.805991,0.565000
702,2602,0.848229,0,1,565,137,0.804843,0.565000
703,2461,0.847853,0,1,565,138,0.803698,0.565000
704,2396,0.847487,0,1,565,139,0.802557,0.565000
705,2222,0.847402,1,0,566,139,0.802837,0.566000
706,1081,0.846622,0,1,566,140,0.801700,0.566000
707,740,0.845550,0,1,566,141,0.800566,0.566000
708,2593,0.845407,1,0,567,141,0.800847,0.567000
709,2366,0.844646,1,0,568,141,0.801128,0.568000
710,2121,0.844225,1,0,569,141,0.801408,0.569000
711,2061,0.844224,0,1,569,142,0.800281,0.569000
712,2378,0.843208,1,0,570,142,0.800562,0.570000
713,1397,0.843126,0,1,570,143,0.799439,0.570000
714,2077,0.842810,1,0,571,143,0.799720,0.571000
715,2338,0.842281,1,0,572,143,0.800000,0.572000
716,2353,0.842263,1,0,573,143,0.800279,0.573000
717,2350,0.840943,0,1,573,144,0.799163,0.573000
718,2568,0.839530,1,0,574,144,0.799443,0.574000
719,2234,0.839487,1,0,575,144,0.799722,0.575000
720,2365,0.839203,1,0,576,144,0.800000,0.576000
721,2100,0.838950,1,0,577,144,0.800277,0.577000
722,1995,0.837704,1,0,578,144,0.800554,0.578000
723,2502,0.837605,0,1,578,145,0.799447,0.578000
724,2255,0.834779,0,1,578,146,0.798343,0.578000
725,2103,0.834038,0,1,578,147,0.797241,0.578000
726,2046,0.833299,1,0,579,147,0.797521,0.579000
727,2517,0.832370,1,0,580,147,0.797799,0.580000
728,1237,0.831432,0,1,580,148,0.796703,0.580000
729,2324,0.830358,0,1,580,149,0.795610,0.580000
730,1951,0.830055,0,1,580,150,0.794521,0.580000
731,2349,0.828963,1,0,581,150,0.794802,0.581000
732,2581,0.827639,0,1,581,151,0.793716,0.581000
733,1782,0.827245,0,1,581,152,0.792633,0.581000
734,2519,0.826925,1,0,582,152,0.792916,0.582000
735,2150,0.826714,0,1,582,153,0.791837,0.582000
736,1950,0.826683,1,0,583,153,0.792120,0.583000
737,2538,0.826446,0,1,583,154,0.791045,0.583000
738,2151,0.825575,1,0,584,154,0.791328,0.584000
739,2046,0.825388,0,1,584,155,0.790257,0.584000
740,2265,0.824189,1,0,585,155,0.790541,0.585000
741,2693,0.823472,0,1,585,156,0.789474,0.585000
742,2260,0.822744,1,0,586,156,0.789757,0.586000
743,2375,0.822304,0,1,586,157,0.788694,0.586000
744,2396,0.822186,1,0,587,157,0.788978,0.587000
745,2672,0.821420,1,0,588,157,0.789262,0.588000
746,2031,0.820014,1,0,589,157,0.789544,0.589000
747,2486,0.818571,0,1,589,158,0.788487,0.589000
748,2018,0.818203,1,0,590,158,0.788770,0.590000
749,2453,0.817273,1,0,591,158,0.789052,0.591000
750,1756,0.816562,0,1,591,159,0.788000,0.591000
751,2367,0.815802,1,0,592,159,0.788282,0.592000
752,146,0.815457,0,1,592,160,0.787234,0.592000
753,2704,0.814466,1,0,593,160,0.787517,0.593000
754,2471,0.814377,0,1,593,161,0.786472,0.593000
755,1215,0.813947,0,1,593,162,0.785430,0.593000
756,2612,0.813919,1,0,594,162,0.785714,0.594000
757,2576,0.813085,0,1,594,163,0.784676,0.594000
758,2519,0.812885,1,0,595,163,0.784960,0.595000
759,2557,0.812172,1,0,596,163,0.785244,0.596000
760,2435,0.809981,1,0,597,163,0.785526,0.597000
761,2449,0.809690,1,0,598,163,0.785808,0.598000
762,1908,0.809158,0,1,598,164,0.784777,0.598000
763,2406,0.808675,1,0,599,164,0.785059,0.599000
764,2588,0.805469,0,1,599,165,0.784031,0.599000
765,1526,0.803730,0,1,599,166,0.783007,0.599000
766,2348,0.803717,1,0,600,166,0.783290,0.600000
767,1997,0.803224,1,0,601,166,0.783572,0.601000
768,2275,0.802647,1,0,602,166,0.783854,0.602000
769,2334,0.802464,0,1,602,167,0.782835,0.602000
770,1130,0.802292,0,1,602,168,0.781818,0.602000
771,345,0.801909,0,1,602,169,0.780804,0.602000
772,2604,0.801592,1,0,603,169,0.781088,0.603000
773,2664,0.800251,1,0,604,169,0.781371,0.604000
774,2281,0.799346,0,1,604,170,0.780362,0.604000
775,1933,0.799085,1,0,605,170,0.780645,0.605000
776,145,0.798331,0,1,605,171,0.779639,0.605000
777,2288,0.797163,0,1,605,172,0.778636,0.605000
778,2376,0.796234,1,0,606,172,0.778920,0.606000
779,2053,0.795977,0,1,606,173,0.777920,0.606000
780,2079,0.795582,1,0,607,173,0.778205,0.607000
781,2023,0.793447,0,1,607,174,0.777209,0.607000
782,2087,0.792619,0,1,607,175,0.776215,0.607000
783,2041,0.791823,1,0,608,175,0.776501,0.608000
784,2604,0.791786,0,1,608,176,0.775510,0.608000
785,2667,0.791247,1,0,609,176,0.775796,0.609000
786,559,0.790679,0,1,609,177,0.774809,0.609000
787,1179,0.790665,0,1,609,178,0.773825,0.609000
788,1691,0.790547,0,1,609,179,0.772843,0.609000
789,1316,0.790107,0,1,609,180,0.771863,0.609000
790,2393,0.789394,0,1,609,181,0.770886,0.609000
791,2283,0.788351,1,0,610,181,0.771176,0.610000
792,1923,0.785273,1,0,611,181,0.771465,0.611000
793,2235,0.784057,1,0,612,181,0.771753,0.612000
794,1978,0.781822,0,1,612,182,0.770781,0.612000
795,1219,0.780595,0,1,612,183,0.769811,0.612000
796,2182,0.780305,0,1,612,184,0.768844,0.612000
797,1301,0.779940,0,1,612,185,0.767880,0.612000
798,1196,0.779706,0,1,612,186,0.766917,0.612000
799,2146,0.779309,0,1,612,187,0.765957,0.612000
800,1380,0.778531,0,1,612,188,0.765000,0.612000
801,764,0.778119,0,1,612,189,0.764045,0.612000
802,1474,0.777242,0,1,612,190,0.763092,0.612000
803,1435,0.777193,0,1,612,191,0.762142,0.612000
804,2149,0.776935,1,0,613,191,0.762438,0.613000
805,2447,0.776752,1,0,614,191,0.762733,0.614000
806,2651,0.776584,1,0,615,191,0.763027,0.615000
807,2182,0.775756,0,1,615,192,0.762082,0.615000
808,2654,0.775576,1,0,616,192,0.762376,0.616000
809,2617,0.774739,0,1,616,193,0.761434,0.616000
810,1428,0.770891,0,1,616,194,0.760494,0.616000
811,2299,0.770866,1,0,617,194,0.760789,0.617000
812,2483,0.770159,1,0,618,194,0.761084,0.618000
813,2452,0.769612,0,1,618,195,0.760148,0.618000
814,2669,0.769497,1,0,619,195,0.760442,0.619000
815,479,0.769300,0,1,619,196,0.759509,0.619000
816,2346,0.768773,0,1,619,197,0.758578,0.619000
817,693,0.765057,0,1,619,198,0.757650,0.619000
818,2624,0.762064,0,1,619,199,0.756724,0.619000
819,2304,0.759909,0,1,619,200,0.755800,0.619000
820,2683,0.759739,1,0,620,200,0.756098,0.620000
821,2339,0.758136,0,1,620,201,0.755177,0.620000
822,2653,0.757599,1,0,621,201,0.755474,0.621000
823,2446,0.757274,1,0,622,201,0.755772,0.622000
824,1550,0.757239,0,1,622,202,0.754854,0.622000
825,2168,0.756079,1,0,623,202,0.755152,0.623000
826,2454,0.756063,0,1,623,203,0.754237,0.623000
827,2083,0.755934,1,0,624,203,0.754534,0.624000
828,2402,0.754612,0,1,624,204,0.753623,0.624000
829,1038,0.754294,0,1,624,205,0.752714,0.624000
830,2393,0.754199,0,1,624,206,0.751807,0.624000
831,2001,0.753915,1,0,625,206,0.752106,0.625000
832,984,0.752281,0,1,625,207,0.751202,0.625000
833,2623,0.752176,1,0,626,207,0.751501,0.626000
834,1783,0.751865,0,1,626,208,0.750600,0.626000
835,2395,0.751074,0,1,626,209,0.749701,0.626000
836,2601,0.749313,1,0,627,209,0.750000,0.627000
837,2487,0.747689,0,1,627,210,0.749104,0.627000
838,2565,0.747570,0,1,627,211,0.748210,0.627000
839,2546,0.746344,1,0,628,211,0.748510,0.628000
840,1442,0.746268,0,1,628,212,0.747619,0.628000
841,1342,0.745722,0,1,628,213,0.746730,0.628000
842,2391,0.745638,1,0,629,213,0.747031,0.629000
843,2325,0.744300,1,0,630,213,0.747331,0.630000
844,2126,0.743686,1,0,631,213,0.747630,0.631000
845,2261,0.743577,1,0,632,213,0.747929,0.632000
846,1633,0.741976,0,1,632,214,0.747045,0.632000
847,2001,0.741667,0,1,632,215,0.746163,0.632000
848,2482,0.740723,1,0,633,215,0.746462,0.633000
849,1821,0.739061,0,1,633,216,0.745583,0.633000
850,1014,0.737449,0,1,633,217,0.744706,0.633000
851,2575,0.737257,1,0,634,217,0.745006,0.634000
852,1577,0.736874,0,1,634,218,0.744131,0.634000
853,720,0.735854,0,1,634,219,0.743259,0.634000
854,2427,0.735184,0,1,634,220,0.742389,0.634000
855,2359,0.732523,1,0,635,220,0.742690,0.635000
856,2391,0.732166,1,0,636,220,0.742991,0.636000
857,2631,0.730398,1,0,637,220,0.743291,0.637000
858,2562,0.730238,0,1,637,221,0.742424,0.637000
859,2375,0.728979,0,1,637,222,0.741560,0.637000
860,1240,0.727309,0,1,637,223,0.740698,0.637000
861,1298,0.726717,0,1,637,224,0.739837,0.637000
862,2339,0.724529,0,1,637,225,0.738979,0.637000
863,940,0.721969,0,1,637,226,0.738123,0.637000
864,2709,0.721794,1,0,638,226,0.738426,0.638000
865,2450,0.721634,0,1,638,227,0.737572,0.638000
866,915,0.721599,0,1,638,228,0.736721,0.638000
867,2368,0.721583,0,1,638,229,0.735871,0.638000
868,1206,0.721454,0,1,638,230,0.735023,0.638000
869,2529,0.721449,0,1,638,231,0.734177,0.638000
870,1098,0.719835,0,1,638,232,0.733333,0.638000
871,2344,0.717423,1,0,639,232,0.733639,0.639000
872,2583,0.716052,1,0,640,232,0.733945,0.640000
873,2519,0.714254,1,0,641,232,0.734250,0.641000
874,1276,0.713862,0,1,641,233,0.733410,0.641000
875,1011,0.712279,0,1,641,234,0.732571,0.641000
876,1914,0.712044,0,1,641,235,0.731735,0.641000
877,982,0.711427,0,1,641,236,0.730901,0.641000
878,1258,0.709936,0,1,641,237,0.730068,0.641000
879,2137,0.709072,0,1,641,238,0.729238,0.641000
880,2273,0.709000,0,1,641,239,0.728409,0.641000
881,2253,0.708868,0,1,641,240,0.727582,0.641000
882,385,0.708635,0,1,641,241,0.726757,0.641000
883,379,0.708583,0,1,641,242,0.725934,0.641000
884,2708,0.708466,1,0,642,242,0.726244,0.642000
885,1173,0.706420,0,1,642,243,0.725424,0.642000
886,2102,0.705588,1,0,643,243,0.725734,0.643000
887,2674,0.704604,1,0,644,243,0.726043,0.644000
888,2448,0.704165,0,1,644,244,0.725225,0.644000
889,2527,0.703906,1,0,645,244,0.725534,0.645000
890,2471,0.703664,0,1,645,245,0.724719,0.645000
891,1882,0.703616,1,0,646,245,0.725028,0.646000
892,2014,0.703168,1,0,647,245,0.725336,0.647000
893,2169,0.703110,0,1,647,246,0.724524,0.647000
894,2244,0.702152,0,1,647,247,0.723714,0.647000
895,2573,0.701847,0,1,647,248,0.722905,0.647000
896,2330,0.700574,1,0,648,248,0.723214,0.648000
897,603,0.700498,0,1,648,249,0.722408,0.648000
898,2451,0.700289,0,1,648,250,0.721604,0.648000
